Date set up,Site,Phloem_feeder_treatment,Ant treatment,Branch ID,Number of leaves,Phloem-feeders found,Number phloem-feeders,Density phloem-feeders,Caterpillars found1,Caterpillars found2,Caterillars found3,Caterpillars found4,Number cats found,Density cats found,Number large gen cats found,Density large gen cats found,Ants found,Caterpillars stocked1,Caterpillars stocked2,Stocked large generalist cats,Stocked density large gen cats,Stocked generalist cats,Stocked density gen cats,Membracids stocked,S1 date,S1 phloem-feeders,S1 phloem-feeders present?,S1 Number phloem-feeders,S1 Density phloem-feeders,S1 Number cats < 1cm,S1 Density cats <1cm,S1 Number cats > 1cm,S1 Density cats > 1cm,S1 Total Cats,S1 Density Total Cats,S1 Ants found,S1_Small_Generalist,S1_Small_Gen_Density,S1_Big_Generalist,S1_Big_Gen_Density,S1_Total_Generalists,S1_Gen_Density,S1_Small_Specialist,S1_Small_Spec_Density,S1_Big_Specialist,S1_Big_Spec_Density,S1_Total_Specialists,S1_Spec_Density,S1 Notes,S2 date,S2 phloem-feeders,S2 Number cats < 1cm,S2 Density cats < 1cm,S2 Number cats > 1cm,S2 Density cats > 1cm,S2 Total Cats,S2 Density total cats,S2 Ants found,S2_Small_Generalist,S2_Big_Generalist,S2_Generalist,S2_Small_Gen_Density,S2_Big_Gen_Density,S2_Gen_Density,S2_Small_Specialist,S2_Small_Spec_Density,S2_Big_Specialist,S2_Big_Spec_Density,S2 Notes,S1_S2 Total cats,S1_S2_Density_total_cats,S1_S2_SG_Small_cats,S1_S2_SG_Small_Density,S1_S2_Small_Generalist,S1_S2_Small_Gen_Density,S1_S2_Large_Generalist,S1_S2_Large_Gen_Density,S1_S2_Small_Spec_Density,S1_S2_Large_Spec_Density
2-Jun-22,Cockaponset pit,removed,exclusion,C602-1A,188,1 membracid,1,0.531914894,,,,,0,0,0,0,3 Camponotus chromaiodes,Lambdina,Zale,2,1.063829787,2,1.063829787,0,10-Jun-22,none,0,0,0,4,2.127659574,1,0.531914894,5,2.659574468,none,4,2.127659574,1,0.531914894,5,2.659574468,0,0,0,0,0,0,,20-Jun-22,none,0,0,1,0.531914894,1,0.282933454,none,0,0,0,0,0,0,0,0,1,0.531914894,,6,3.191489362,4,1.063829787,4,1.063829787,1,0.265957447,0,0.265957447
2-Jun-22,Cockaponset pit,replaced,exclusion,C602-1C,99,1 coccid,1,1.01010101,Lambdina,,,,1,1.01010101,1,1.01010101,1 C.c. 1 Formica,Lambdina,Melanolophia,2,2.02020202,2,2.02020202,1,10-Jun-22,coccids,1,2,2.02020202,0,0,1,1.01010101,1,1.01010101,none,0,0,1,1.01010101,1,1.01010101,0,0,0,0,0,0,,20-Jun-22,old coccids,3,3.03030303,1,1.01010101,4,1.020304051,none,2,1,3,2.02020202,1.01010101,3.03030303,0,0,0,0,1 micro,5,5.050505051,2,1.01010101,2,1.01010101,2,1.01010101,0,0
2-Jun-22,Cockaponset pit,replaced,control,C602-1D,256,many aphids,10,3.90625,Tolype,,,,1,0.390625,1,0.390625,1 C.c. many Crematogaster,Lambdina,Tolype,2,0.78125,2,0.78125,1,10-Jun-22,coccids_ aphids_ 1 membracid,1,13,5.078125,0,0,0,0,0,0,many Crematogaster,0,0,0,0,0,0,0,0,0,0,0,0,,20-Jun-22,aphids_ 1 new coccid,3,1.171875,2,0.78125,5,0.305175781,1 C.c._ many Crematogaster,4,0,4,1.5625,0,1.5625,0,0,0,0,1 micro,5,1.953125,4,0.78125,4,0.78125,0,0,0,0
2-Jun-22,Cockaponset pit,removed,control,C602-1B,216,1 coccid,1,0.462962963,,,,,0,0,0,0,1 C.c. 1 Crematogaster,Lambdina,Achatia,2,0.925925926,2,0.925925926,0,10-Jun-22,none,0,0,0,1,0.462962963,1,0.462962963,2,0.925925926,1 Formica,1,0.462962963,1,0.462962963,2,0.925925926,0,0,0,0,0,0,,20-Jun-22,none,3,1.388888889,3,1.388888889,6,0.643004115,2 Formica,1,2,3,0.462962963,0.925925926,1.388888889,0,0,1,0.462962963,2 micros,8,3.703703704,2,0.462962963,2,0.462962963,3,0.694444444,0,0.231481481
2-Jun-22,Cockaponset pit,replaced,control,C602-2D,178,1 membracid_ 2 coccids,3,1.685393258,Achatia,,,,1,0.561797753,1,0.561797753,Formica,Melanolophia,Heterocampa,2,1.123595506,2,1.123595506,1,10-Jun-22,1 membracid_ coccids,1,3,1.685393258,2,1.123595506,1,0.561797753,3,1.685393258,2 C.c._ 1 Crematogaster,2,1.123595506,1,0.561797753,3,1.685393258,0,0,0,0,0,0,,20-Jun-22,none,5,2.808988764,0,0,5,0,3 Formica_ 1 Crematogaster,3,0,3,1.685393258,0,1.685393258,0,0,0,0,2 micros,8,4.494382022,5,1.404494382,5,1.404494382,1,0.280898876,0,0
2-Jun-22,Cockaponset pit,replaced,exclusion,C602-2C,154,1 coccid,1,0.649350649,Achatia,,,,1,0.649350649,1,0.649350649,Formica,Himella,Heterocampa,2,1.298701299,2,1.298701299,1,10-Jun-22,1 membracid_ coccids,1,3,1.948051948,0,0,0,0,0,0,none,0,0,0,0,0,0,0,0,0,0,0,0,,20-Jun-22,none,3,1.948051948,0,0,3,0,1 Crematogaster,3,0,3,1.948051948,0,1.948051948,0,0,0,0,,3,1.948051948,3,0.974025974,3,0.974025974,0,0,0,0
2-Jun-22,Cockaponset pit,removed,exclusion,C602-2A,81,2 membracids_ 2 coccids,4,4.938271605,Melanolophia,,,,1,1.234567901,1,1.234567901,Formica,Melanolophia,Zale,2,2.469135802,2,2.469135802,0,10-Jun-22,none,0,0,0,0,0,0,0,0,0,1 Formica,0,0,0,0,0,0,0,0,0,0,0,0,,20-Jun-22,none,1,1.234567901,0,0,1,0,none,0,0,0,0,0,0,1,1.234567901,0,0,,1,1.234567901,1,0.617283951,0,0,0,0,0.617283951,0
2-Jun-22,Cockaponset pit,removed,control,C602-2B,282,2 membracids,2,0.709219858,Lambdina,Lambdina,Lambdina,Lambdina,4,1.418439716,4,1.418439716,1 C.c.,Melanolophia,Achatia,2,0.709219858,2,0.709219858,0,10-Jun-22,none,0,0,0,0,0,0,0,0,0,3 Formica,0,0,0,0,0,0,0,0,0,0,0,0,,20-Jun-22,none,2,0.709219858,0,0,2,0,5 Formica,2,0,2,0.709219858,0,0.709219858,0,0,0,0,,2,0.709219858,2,0.354609929,2,0.354609929,0,0,0,0
2-Jun-22,Cockaponset pit,removed,exclusion,C602-3A,126,2 coccids,2,1.587301587,Heterocampa,Heterocompa,Himella,,3,2.380952381,3,2.380952381,none,Himella,Heterocampa,2,1.587301587,2,1.587301587,0,10-Jun-22,none,0,0,0,1,0.793650794,0,0,1,0.793650794,1 C.c._ 1 Formica,0,0,0,0,0,0,1,0.793650794,0,0,1,0.793650794,,20-Jun-22,none,0,0,1,0.793650794,1,0.629881582,none,0,0,0,0,0,0,0,0,1,0.793650794,,2,1.587301587,1,0.396825397,0,0,0,0,0.396825397,0.396825397
2-Jun-22,Cockaponset pit,removed,control,C602-3B,137,1 membracid,1,0.729927007,Lambdina,Catocala amica,,,2,1.459854015,1,0.729927007,3 C.c.,Lambdina,Melanolophia,2,1.459854015,2,1.459854015,0,10-Jun-22,none,0,0,0,0,0,1,0.729927007,1,0.729927007,1 C.c.,0,0,1,0.729927007,1,0.729927007,0,0,0,0,0,0,,20-Jun-22,none,1,0.729927007,0,0,1,0,1 Formica,1,0,1,0.729927007,0,0.729927007,0,0,0,0,,2,1.459854015,1,0.364963504,1,0.364963504,1,0.364963504,0,0
2-Jun-22,Cockaponset pit,replaced,exclusion,C602-3C,126,many aphids,10,7.936507937,Zale,,,,1,0.793650794,1,0.793650794,1 Formica many Crematogaster,Lambdina,Himella,2,1.587301587,2,1.587301587,1,10-Jun-22,none,0,0,0,1,0.793650794,1,0.793650794,2,1.587301587,4 Crematogaster_ 2 Formica,1,0.793650794,1,0.793650794,2,1.587301587,0,0,0,0,0,0,Bridge,20-Jun-22,none,1,0.793650794,0,0,1,0,3 Crematogaster,1,0,1,0.793650794,0,0.793650794,0,0,0,0,,3,2.380952381,2,0.793650794,2,0.793650794,1,0.396825397,0,0
2-Jun-22,Cockaponset pit,replaced,control,C602-3D,144,coccids,2,1.388888889,Lambdina,Melanolophia,Melanolophia,Melanolophia,4,2.777777778,4,2.777777778,many Crematogaster,Lambdina,Alsophila,2,1.388888889,2,1.388888889,1,10-Jun-22,1 membracids_ coccids,1,3,2.083333333,1,0.694444444,1,0.694444444,2,1.388888889,2 C.p._ 1 Formica,1,0.694444444,1,0.694444444,2,1.388888889,0,0,0,0,0,0,,20-Jun-22,none,0,0,0,0,0,0,5 Formica,0,0,0,0,0,0,0,0,0,0,,2,1.388888889,1,0.347222222,1,0.347222222,1,0.347222222,0,0
3-Jun-22,Cockaponset pit,removed,exclusion,C603-4A,162,2 membracids,2,1.234567901,Hypagyrtis,small geo,small geo,,3,1.851851852,1,0.617283951,1 C.c.,Melanolophia,small geo,1,0.617283951,1,0.617283951,0,10-Jun-22,none,0,0,0,0,0,1,0.617283951,1,0.617283951,none,0,0,1,0.617283951,1,0.617283951,0,0,0,0,0,0,,20-Jun-22,none,3,1.851851852,1,0.617283951,4,0.381039476,1 C.c._ 1 Formica,3,0,3,1.851851852,0,1.851851852,0,0,0,0,1 micro,5,3.086419753,3,0.925925926,3,0.925925926,1,0.308641975,0,0
3-Jun-22,Cockaponset pit,replaced,control,C603-4D,392,coccids,2,0.510204082,Melanolophia,,,,1,0.255102041,1,0.255102041,1 Crematogaster,Melanolophia,Zale,2,0.510204082,2,0.510204082,1,10-Jun-22,coccids,1,2,0.510204082,1,0.255102041,1,0.255102041,2,0.510204082,2 Crematogaster_ 1 Formica,1,0.255102041,1,0.255102041,2,0.510204082,0,0,0,0,0,0,,20-Jun-22,1 membracid adult,2,0.510204082,0,0,2,0,4 Formica,2,0,2,0.510204082,0,0.510204082,0,0,0,0,,4,1.020408163,3,0.382653061,3,0.382653061,1,0.12755102,0,0
3-Jun-22,Cockaponset pit,removed,control,C603-4B,110,coccids,2,1.818181818,Lambdina,,,,1,0.909090909,1,0.909090909,6 Crematogaster 2 Formica,Himella,Zale,2,1.818181818,2,1.818181818,0,10-Jun-22,none,0,0,0,2,1.818181818,0,0,2,1.818181818,3 Formica,2,1.818181818,0,0,2,1.818181818,0,0,0,0,0,0,,20-Jun-22,none,2,1.818181818,0,0,2,0,1 C.c._ 1 Formica,0,0,0,0,0,0,1,0.909090909,0,0,1 micro,4,3.636363636,3,1.363636364,2,0.909090909,0,0,0.454545455,0
3-Jun-22,Cockaponset pit,replaced,exclusion,C603-4C,150,1 membracid_ coccids,3,2,Orthosia rubescens,,,,1,0.666666667,1,0.666666667,2 Formica,Lambdina,Lithophane antennata,2,1.333333333,2,1.333333333,1,10-Jun-22,1 membracid,1,1,0.666666667,0,0,1,0.666666667,1,0.666666667,1 Formica,0,0,1,0.666666667,1,0.666666667,0,0,0,0,0,0,,20-Jun-22,1 membracid adult,1,0.666666667,0,0,1,0,2 Formica,0,0,0,0,0,0,0,0,0,0,1 micro,2,1.333333333,0,0,0,0,1,0.333333333,0,0
3-Jun-22,Cockaponset pit,removed,exclusion,C603-5A,331,coccids,2,0.604229607,Himella,Melanolophia,Lambdina,,3,0.906344411,3,0.906344411,none,Lambdina,Orthosia rubescens,2,0.604229607,2,0.604229607,0,10-Jun-22,1 coccid,1,1,0.302114804,0,0,1,0.302114804,1,0.302114804,1 Formica,0,0,1,0.302114804,1,0.302114804,0,0,0,0,0,0,1 new coccid removed,20-Jun-22,none,6,1.812688822,2,0.604229607,8,0.182546709,none,5,2,7,1.510574018,0.604229607,2.114803625,1,0.302114804,0,0,,9,2.719033233,6,0.906344411,5,0.755287009,3,0.453172205,0.151057402,0
3-Jun-22,Cockaponset pit,removed,control,C603-5B,121,2 membracids,2,1.652892562,Lambdina,,,,1,0.826446281,1,0.826446281,3 Formica,Lambdina,small geo,1,0.826446281,2,1.652892562,0,10-Jun-22,none,0,0,0,0,0,1,0.826446281,1,0.826446281,2 Formica_ 1 C.c.,0,0,1,0.826446281,1,0.826446281,0,0,0,0,0,0,,20-Jun-22,none,2,1.652892562,0,0,2,0,2 Formica_ 1 Crematogaster,0,0,0,0,0,0,2,1.652892562,0,0,,3,2.479338843,2,0.826446281,0,0,1,0.41322314,0.826446281,0
3-Jun-22,Cockaponset pit,replaced,exclusion,C603-5C,221,coccids,2,0.904977376,Heterocampa,,,,1,0.452488688,1,0.452488688,2 C.c. 1 Formica,Heterocampa,Ennomos subsignaria,2,0.904977376,2,0.904977376,1,10-Jun-22,coccids,1,2,0.904977376,4,1.809954751,0,0,4,1.809954751,none,3,1.357466063,0,0,3,1.357466063,0,0,0,0,0,0,1 micro,20-Jun-22,none,1,0.452488688,2,0.904977376,3,0.409492025,1 C.c.,5,0,5,2.262443439,0,2.262443439,2,0.904977376,0,0,,7,3.167420814,10,2.262443439,8,1.809954751,0,0,0.452488688,0
3-Jun-22,Cockaponset pit,replaced,control,C603-5D,187,coccids,2,1.069518717,Lambdina,small geo,,,2,1.069518717,1,0.534759358,3 C.c.,Lambdina,small geo,1,0.534759358,1,0.534759358,1,10-Jun-22,1 membracid_ coccids,1,3,1.604278075,0,0,0,0,0,0,1 C.c.,0,0,0,0,0,0,0,0,0,0,0,0,,20-Jun-22,1 membracid,2,1.069518717,1,0.534759358,3,0.285967571,1 C.c._ 2 Formica,0,1,1,0,0.534759358,0.534759358,1,0.534759358,0,0,1 micro,3,1.604278075,1,0.267379679,0,0,1,0.267379679,0.267379679,0
6-Jun-22,Meshomasic Kongcut Mtn,removed,control,M606-1B,263,coccids,2,0.760456274,Besma,,,,1,0.380228137,1,0.380228137,1 Formica  ,Himella,Besma,2,0.760456274,2,0.760456274,0,13-Jun-22,none,0,0,0,1,0.380228137,2,0.760456274,3,1.140684411,1 C.c._ 1 Formica,0,0,2,0.760456274,2,0.760456274,1,0.380228137,0,0,1,0.380228137,,21-Jun-22,none,1,0.380228137,0,0,1,0,3 Formica,0,0,0,0,0,0,0,0,0,0,1 micro,4,1.520912548,1,0.190114068,0,0,2,0.380228137,0.190114068,0
6-Jun-22,Meshomasic Kongcut Mtn,replaced,control,M606-1D,231,1 membracid_ coccids,3,1.298701299,Achatia,Nadata,Prochoerodes,,3,1.298701299,2,0.865800866,1 C.c. 1 Formica,Lambdina,Achatia,2,0.865800866,2,0.865800866,2,13-Jun-22,none,0,0,0,0,0,0,0,0,0,1 C.c.,0,0,0,0,0,0,0,0,0,0,0,0,,21-Jun-22,none,0,0,0,0,0,0,none,0,0,0,0,0,0,0,0,0,0,,0,0,0,0,0,0,0,0,0,0
6-Jun-22,Meshomasic Kongcut Mtn,removed,exclusion,M606-1A,396,1 membracid_ coccids,3,0.757575758,Besma,,,,1,0.252525253,1,0.252525253,1 Formica  ,Achatia,Nadata,2,0.505050505,2,0.505050505,0,13-Jun-22,none,0,0,0,0,0,0,0,0,0,none,0,0,0,0,0,0,0,0,0,0,0,0,,21-Jun-22,none,3,0.757575758,2,0.505050505,5,0.127538006,none,3,2,5,0.757575758,0.505050505,1.262626263,0,0,0,0,,5,1.262626263,3,0.378787879,3,0.378787879,2,0.252525253,0,0
6-Jun-22,Meshomasic Kongcut Mtn,replaced,exclusion,M606-1C,343,4 membracids_ coccids,6,1.749271137,Lambdina,,,,1,0.29154519,1,0.29154519,1 C.c. 1 Formica,Achatia,Prochoerodes,2,0.583090379,2,0.583090379,2,13-Jun-22,coccids,1,2,0.583090379,0,0,0,0,0,0,none,0,0,0,0,0,0,0,0,0,0,0,0,,21-Jun-22,1 membracid_ old coccids,0,0,0,0,0,0,none,0,0,0,0,0,0,0,0,0,0,,0,0,0,0,0,0,0,0,0,0
6-Jun-22,Meshomasic Kongcut Mtn,replaced,control,M606-2D,264,1 membracid_ coccids,3,1.136363636,micro,,,,1,0.378787879,0,0,2 C.c.  ,Achatia,Himella,2,0.757575758,2,0.757575758,2,13-Jun-22,none,0,0,0,2,0.757575758,1,0.378787879,3,1.136363636,none,0,0,1,0.378787879,1,0.378787879,1,0.378787879,0,0,1,0.378787879,1 micro,21-Jun-22,old coccids,3,1.136363636,0,0,3,0,none,2,0,2,0.757575758,0,0.757575758,0,0,0,0,reduviid_ 1 micro,6,2.272727273,3,0.568181818,2,0.378787879,1,0.189393939,0.189393939,0
6-Jun-22,Meshomasic Kongcut Mtn,removed,control,M606-2B,152,1 membracid_ coccids,3,1.973684211,,,,,0,0,0,0,1 C.c.,Himella,Cladara atroliturata,2,1.315789474,2,1.315789474,0,13-Jun-22,none,0,0,0,1,0.657894737,1,0.657894737,2,1.315789474,none,1,0.657894737,0,0,1,0.657894737,0,0,1,0.657894737,1,0.657894737,,21-Jun-22,none,1,0.657894737,0,0,1,0,1 Formica,1,0,1,0.657894737,0,0.657894737,0,0,0,0,crab spider probably killed caterpillar (found dead),3,1.973684211,2,0.657894737,2,0.657894737,0,0,0,0.328947368
6-Jun-22,Meshomasic Kongcut Mtn,removed,exclusion,M606-2A,146,coccids,2,1.369863014,,,,,0,0,0,0,3 Formica,Zale,Ennomos subsignaria,2,1.369863014,2,1.369863014,0,13-Jun-22,none,0,0,0,0,0,1,0.684931507,1,0.684931507,none,0,0,1,0.684931507,1,0.684931507,0,0,0,0,0,0,,21-Jun-22,none,0,0,0,0,0,0,none,0,0,0,0,0,0,0,0,0,0,,1,0.684931507,0,0,0,0,1,0.342465753,0,0
6-Jun-22,Meshomasic Kongcut Mtn,replaced,exclusion,M606-2C,175,3 membracids_ coccids,5,2.857142857,Besma,,,,1,0.571428571,1,0.571428571,2 C.c. 1 Formica,Crocigrapha,small geo,1,0.571428571,2,1.142857143,2,13-Jun-22,1 membracid_ coccids,1,3,1.714285714,1,0.571428571,1,0.571428571,2,1.142857143,none,1,0.571428571,1,0.571428571,2,1.142857143,0,0,0,0,0,0,,21-Jun-22,none,0,0,1,0.571428571,1,0.326530612,none,0,1,1,0,0.571428571,0.571428571,0,0,0,0,,3,1.714285714,1,0.285714286,1,0.285714286,2,0.571428571,0,0
6-Jun-22,Meshomasic Kongcut Mtn,removed,control,M606-3B,263,4 membracids ,4,1.520912548,small geo,,,,1,0.380228137,0,0,none,Zale,Lymantria,2,0.760456274,2,0.760456274,0,13-Jun-22,none,0,0,0,0,0,1,0.380228137,1,0.380228137,none,0,0,1,0.380228137,1,0.380228137,0,0,0,0,0,0,,21-Jun-22,none,1,0.380228137,0,0,1,0,none,0,0,0,0,0,0,1,0.380228137,0,0,,2,0.760456274,1,0.190114068,0,0,1,0.190114068,0.190114068,0
6-Jun-22,Meshomasic Kongcut Mtn,replaced,control,M606-3D,221,coccids,2,0.904977376,,,,,0,0,0,0,2 Formica,Besma,Alsophila,2,0.904977376,2,0.904977376,2,13-Jun-22,none,0,0,0,0,0,1,0.452488688,1,0.452488688,3 Formica,0,0,1,0.452488688,1,0.452488688,0,0,0,0,0,0,,21-Jun-22,old coccids_ adult membracid,1,0.452488688,0,0,1,0,1 Formica,1,0,1,0.452488688,0,0.452488688,0,0,0,0,,2,0.904977376,1,0.226244344,1,0.226244344,1,0.226244344,0,0
6-Jun-22,Meshomasic Kongcut Mtn,removed,exclusion,M606-3A,170,coccids,2,1.176470588,Lymantria,,,,1,0.588235294,1,0.588235294,1 C.c.,Zale,Besma,2,1.176470588,2,1.176470588,0?,13-Jun-22,none,0,0,0,1,0.588235294,1,0.588235294,2,1.176470588,none,1,0.588235294,1,0.588235294,2,1.176470588,0,0,0,0,0,0,,21-Jun-22,none,2,1.176470588,1,0.588235294,3,0.346020761,1 Formica,2,0,2,1.176470588,0,1.176470588,1,0.588235294,0,0,,5,2.941176471,4,1.176470588,3,0.882352941,1,0.294117647,0.294117647,0
6-Jun-22,Meshomasic Kongcut Mtn,replaced,exclusion,M606-3C,182,2 membracids_ coccids,4,2.197802198,,,,,0,0,0,0,1 C.c. 2 Formica,Besma,Lymantria,2,1.098901099,2,1.098901099,2,13-Jun-22,none,0,0,0,1,0.549450549,1,0.549450549,2,1.098901099,none,0,0,1,0.549450549,1,0.549450549,0,0,0,0,0,0,1 micro,21-Jun-22,none,1,0.549450549,0,0,1,0,1 Formica,0,0,0,0,0,0,0,0,0,0,1 micro,3,1.648351648,0,0,0,0,1,0.274725275,0,0
6-Jun-22,Meshomasic Kongcut Mtn,replaced,exclusion,M606-4C,510,5 membracids_ coccids,7,1.37254902,Catocala amica,,,,1,0.196078431,0,0,2 C.c. 2 Formica,Himella,Achatia,2,0.392156863,2,0.392156863,2,13-Jun-22,1 membracid,1,1,0.196078431,0,0,6,1.176470588,6,1.176470588,2 Formica,0,0,4,0.784313725,4,0.784313725,1,0.196078431,1,0.196078431,2,0.392156863,,21-Jun-22,4 adult membracids,0,0,2,0.392156863,2,0.076893502,1 Formica,0,1,1,0,0.196078431,0.196078431,0,0,1,0.196078431,,8,1.568627451,1,0.098039216,0,0,5,0.490196078,0.098039216,0.196078431
6-Jun-22,Meshomasic Kongcut Mtn,removed,control,M606-4B,164,1 membracid_ coccids,3,1.829268293,,,,,0,0,0,0,none,Lambdina,Himella,2,1.219512195,2,1.219512195,0,13-Jun-22,none,0,0,0,0,0,0,0,0,0,none,0,0,0,0,0,0,0,0,0,0,0,0,,21-Jun-22,1 adult membracid,1,0.609756098,0,0,1,0,1 C.p._ 1 Formica,0,0,0,0,0,0,0,0,0,0,1 micro,1,0.609756098,0,0,0,0,0,0,0,0
6-Jun-22,Meshomasic Kongcut Mtn,removed,exclusion,M606-4A,307,2 membracids_ coccids,4,1.302931596,Alsophila,,,,1,0.325732899,1,0.325732899,none,Himella,Nadata,1,0.325732899,1,0.325732899,0?,13-Jun-22,none,0,0,0,0,0,1,0.325732899,1,0.325732899,1 Formica,0,0,1,0.325732899,1,0.325732899,0,0,0,0,0,0,,21-Jun-22,1 adult membracid,7,2.280130293,0,0,7,0,none,0,0,0,0,0,0,5,1.628664495,0,0,2 micros,8,2.605863192,5,0.814332248,0,0,1,0.16286645,0.814332248,0
6-Jun-22,Meshomasic Kongcut Mtn,replaced,control,M606-4D,313,3 membracids ,3,0.958466454,Lambdina,,,,1,0.319488818,1,0.319488818,1 C.c. 1 Formica,Lambdina,Prochoerodes,2,0.638977636,2,0.638977636,2,13-Jun-22,coccids,1,2,0.638977636,2,0.638977636,1,0.319488818,3,0.958466454,1 Formica,0,0,1,0.319488818,1,0.319488818,0,0,0,0,0,0,2 micros,21-Jun-22,1 adult membracid,1,0.319488818,1,0.319488818,2,0.102073105,1 Formica,0,1,1,0,0.319488818,0.319488818,0,0,0,0,1 micro,5,1.597444089,0,0,0,0,2,0.319488818,0,0
7-Jun-22,Portland Reservoir Meshomasic,replaced,control,P607-1D,99,coccids,2,2.02020202,Nadata,,,,1,1.01010101,0,0,none,Lambdina,Nadata,1,1.01010101,1,1.01010101,1,14-Jun-22,coccids,1,2,2.02020202,1,1.01010101,2,2.02020202,3,3.03030303,2 Formica,0,0,2,2.02020202,2,2.02020202,1,1.01010101,1,1.01010101,2,2.02020202,,22-Jun-22,none,4,4.04040404,0,0,4,0,none,0,0,0,0,0,0,3,3.03030303,0,0,1 micro,7,7.070707071,4,2.02020202,0,0,2,1.01010101,2.02020202,0.505050505
7-Jun-22,Portland Reservoir Meshomasic,removed,exclusion,P607-1A,87,2 membracids_ coccids,4,4.597701149,,,,,0,0,0,0,2 Camponotus pennsylvanicus 1 Formica,Nadata,Alsophila*,1,1.149425287,1,1.149425287,0,14-Jun-22,none,0,0,0,0,0,0,0,0,0,1 Formica,0,0,0,0,0,0,0,0,0,0,0,0,,22-Jun-22,none,2,2.298850575,0,0,2,0,none,1,0,1,1.149425287,0,1.149425287,0,0,0,0,1 micro,2,2.298850575,1,0.574712644,1,0.574712644,0,0,0,0
7-Jun-22,Portland Reservoir Meshomasic,replaced,exclusion,P607-1C,188,2 membracids,2,1.063829787,Melanolophia,,,,1,0.531914894,1,0.531914894,4 C.c.,Melanolophia,Nadata,1,0.531914894,1,0.531914894,1,14-Jun-22,none,0,0,0,1,0.531914894,1,0.531914894,2,1.063829787,1 Formica,1,0.531914894,0,0,1,0.531914894,0,0,0,0,0,0,,22-Jun-22,none,8,4.255319149,0,0,8,0,none,0,0,0,0,0,0,7,3.723404255,0,0,1 micro,10,5.319148936,8,2.127659574,1,0.265957447,0,0,1.861702128,0
7-Jun-22,Portland Reservoir Meshomasic,removed,control,P607-1B,82,coccids,2,2.43902439,Nadata,,,,1,1.219512195,0,0,1 Formica  ,Himella,Besma*,2,2.43902439,2,2.43902439,0,14-Jun-22,coccids,1,2,2.43902439,0,0,1,1.219512195,1,1.219512195,1 C.c.,0,0,1,1.219512195,1,1.219512195,0,0,0,0,0,0,old coccids,22-Jun-22,none,3,3.658536585,0,0,3,0,none,2,0,2,2.43902439,0,2.43902439,1,1.219512195,0,0,,4,4.87804878,3,1.829268293,2,1.219512195,1,0.609756098,0.609756098,0
7-Jun-22,Portland Reservoir Meshomasic,replaced,exclusion,P607-2C,170,1 membracid,1,0.588235294,Lambdina,,,,1,0.588235294,1,0.588235294,1 C.c. 1 Formica,Achatia,Lambdina*,2,1.176470588,2,1.176470588,1,14-Jun-22,1 membracid,1,1,0.588235294,0,0,1,0.588235294,1,0.588235294,2 C.c.,0,0,1,0.588235294,1,0.588235294,0,0,0,0,0,0,,22-Jun-22,none,1,0.588235294,0,0,1,0,none,0,0,0,0,0,0,1,0.588235294,0,0,,2,1.176470588,1,0.294117647,0,0,1,0.294117647,0.294117647,0
7-Jun-22,Portland Reservoir Meshomasic,replaced,control,P607-2D,181,1 membracid,1,0.552486188,Acronicta lobeliae,,,,1,0.552486188,0,0,2 C.c.  ,Nadata,Achatia*,1,0.552486188,1,0.552486188,1,14-Jun-22,1 membracid,1,1,0.552486188,0,0,2,1.104972376,2,1.104972376,1 C.c._ 1 Formica,0,0,0,0,0,0,0,0,2,1.104972376,2,1.104972376,,22-Jun-22,none,6,3.314917127,1,0.552486188,7,0.305240988,none,3,1,4,1.657458564,0.552486188,2.209944751,2,1.104972376,0,0,1 micro,9,4.972375691,5,1.38121547,3,0.828729282,1,0.276243094,0.552486188,0.552486188
7-Jun-22,Portland Reservoir Meshomasic,removed,control,P607-2B,78,coccids,2,2.564102564,,,,,0,0,0,0,none,Nadata,Himella*,1,1.282051282,1,1.282051282,0,14-Jun-22,none,0,0,0,0,0,1,1.282051282,1,1.282051282,2 Formica,0,0,0,0,0,0,0,0,1,1.282051282,1,1.282051282,,22-Jun-22,none,5,6.41025641,0,0,5,0,none,0,0,0,0,0,0,4,5.128205128,0,0,1 micro,6,7.692307692,4,2.564102564,0,0,0,0,2.564102564,0.641025641
7-Jun-22,Portland Reservoir Meshomasic,removed,exclusion,P607-2A,144,2 membracids,2,1.388888889,Achatia,,,,1,0.694444444,1,0.694444444,2 Formica,Lambdina,Achatia*,2,1.388888889,2,1.388888889,0,14-Jun-22,none,0,0,0,2,1.388888889,0,0,2,1.388888889,none,1,0.694444444,0,0,1,0.694444444,1,0.694444444,0,0,1,0.694444444,,22-Jun-22,none,5,3.472222222,0,0,5,0,none,1,0,1,0.694444444,0,0.694444444,4,2.777777778,0,0,,7,4.861111111,7,2.430555556,2,0.694444444,0,0,1.736111111,0
7-Jun-22,Portland Reservoir Meshomasic,removed,exclusion,P607-3A,127,1 membracid_ coccids,3,2.362204724,,,,,0,0,0,0,2 C.p.,Nadata,Himella*,1,0.787401575,1,0.787401575,0,14-Jun-22,none,0,0,0,0,0,1,0.787401575,1,0.787401575,none,0,0,0,0,0,0,0,0,1,0.787401575,1,0.787401575,,22-Jun-22,none,5,3.937007874,0,0,5,0,none,1,0,1,0.787401575,0,0.787401575,4,3.149606299,0,0,,6,4.724409449,5,1.968503937,1,0.393700787,0,0,1.57480315,0.393700787
7-Jun-22,Portland Reservoir Meshomasic,replaced,control,P607-3D,129,2 membracids,2,1.550387597,,,,,0,0,0,0,1 Formica  ,Morrisonia confusa,Lambdina*,2,1.550387597,2,1.550387597,1,14-Jun-22,none,0,0,0,0,0,1,0.775193798,1,0.775193798,1 C.c.,0,0,1,0.775193798,1,0.775193798,0,0,0,0,0,0,,22-Jun-22,1 membracid,1,0.775193798,0,0,1,0,none,0,0,0,0,0,0,1,0.775193798,0,0,,2,1.550387597,1,0.387596899,0,0,1,0.387596899,0.387596899,0
7-Jun-22,Portland Reservoir Meshomasic,removed,control,P607-3B,121,coccids,2,1.652892562,Achatia,,,,1,0.826446281,1,0.826446281,1 Formica  ,Achatia,Nadata*,1,0.826446281,1,0.826446281,0,14-Jun-22,none,0,0,0,0,0,2,1.652892562,2,1.652892562,none,0,0,0,0,0,0,1,0.826446281,2,1.652892562,3,2.479338843,,22-Jun-22,1 membracid adult,7,5.785123967,1,0.826446281,8,0.683013455,none,0,0,0,0,0,0,5,4.132231405,1,0.826446281,1 micro,10,8.26446281,6,2.479338843,0,0,0,0,2.479338843,1.239669421
7-Jun-22,Portland Reservoir Meshomasic,replaced,exclusion,P607-3C,179,coccids,2,1.117318436,,,,,0,0,0,0,1 Formica  ,Besma,Lambdina*,2,1.117318436,2,1.117318436,1,14-Jun-22,none,0,0,0,0,0,1,0.558659218,1,0.558659218,none,0,0,1,0.558659218,1,0.558659218,0,0,0,0,0,0,,22-Jun-22,none,15,8.379888268,0,0,15,0,none,3,0,3,1.675977654,0,1.675977654,8,4.469273743,0,0,4 micros,16,8.938547486,11,3.072625698,3,0.837988827,1,0.279329609,2.234636872,0
8-Jun-22,Kelseytown Rd Cockaponset,removed,control,K608-1B,143,1 coccid,1,0.699300699,,,,,0,0,0,0,none,Lambdina,Himella ,2,1.398601399,2,1.398601399,0,15-Jun-22,coccids,1,2,1.398601399,2,1.398601399,1,0.699300699,3,2.097902098,1 C.c.,2,1.398601399,1,0.699300699,3,2.097902098,0,0,0,0,0,0,,23-Jun-22,none,2,1.398601399,1,0.699300699,3,0.489021468,none,2,1,3,1.398601399,0.699300699,2.097902098,0,0,0,0,,6,4.195804196,4,1.398601399,4,1.398601399,2,0.699300699,0,0
8-Jun-22,Kelseytown Rd Cockaponset,replaced,control,K608-1D,138,coccids,2,1.449275362,Himella,,,,1,0.724637681,1,0.724637681,1 C.c.,Lambdina,Himella,2,1.449275362,2,1.449275362,2,15-Jun-22,coccids,1,2,1.449275362,0,0,0,0,0,0,none,0,0,0,0,0,0,0,0,0,0,0,0,,23-Jun-22,none,1,0.724637681,1,0.724637681,2,0.525099769,none,0,1,1,0,0.724637681,0.724637681,1,0.724637681,0,0,,2,1.449275362,1,0.362318841,0,0,1,0.362318841,0.362318841,0
8-Jun-22,Kelseytown Rd Cockaponset,replaced,exclusion,K608-1C,326,coccids,2,0.613496933,Lambdina,Lambdina,,,2,0.613496933,2,0.613496933,3 Formica,Himella,Lambdina*,2,0.613496933,2,0.613496933,2,15-Jun-22,none,0,0,0,2,0.613496933,1,0.306748466,3,0.920245399,none,0,0,1,0.306748466,1,0.306748466,0,0,0,0,0,0,2 micros,23-Jun-22,none,11,3.374233129,0,0,11,0,none,1,0,1,0.306748466,0,0.306748466,6,1.840490798,0,0,4 micros,14,4.294478528,7,1.073619632,1,0.153374233,1,0.153374233,0.920245399,0
8-Jun-22,Kelseytown Rd Cockaponset,removed,exclusion,K608-1A,303,coccids,2,0.660066007,Himella,Lithophane sp.,Hyperaeschra georgica,,3,0.99009901,2,0.660066007,none,Lambdina,Lambdina*,2,0.660066007,2,0.660066007,0,15-Jun-22,none,0,0,0,0,0,2,0.660066007,2,0.660066007,none,0,0,2,0.660066007,2,0.660066007,0,0,0,0,0,0,,23-Jun-22,none,6,1.98019802,0,0,6,0,none,4,0,4,1.320132013,0,1.320132013,0,0,0,0,2 micros,8,2.640264026,4,0.660066007,4,0.660066007,2,0.330033003,0,0
8-Jun-22,Kelseytown Rd Cockaponset,removed,exclusion,K608-2A,51,3 membracids ,3,5.882352941,,,,,0,0,0,0,1 Formica  ,Himella,Achatia*,2,3.921568627,2,3.921568627,0,15-Jun-22,none,0,0,0,2,3.921568627,0,0,2,3.921568627,none,1,1.960784314,0,0,1,1.960784314,0,0,0,0,0,0,1 micro,23-Jun-22,old coccids,7,13.7254902,0,0,7,0,none,2,0,2,3.921568627,0,3.921568627,3,5.882352941,0,0,2 micros,9,17.64705882,6,5.882352941,3,2.941176471,0,0,2.941176471,0
8-Jun-22,Kelseytown Rd Cockaponset,removed,control,K608-2B,157,1 membracid,1,0.636942675,,,,,0,0,0,0,1 Formica  ,Lambdina,Lithophane sp.,2,1.27388535,2,1.27388535,0,15-Jun-22,none,0,0,0,1,0.636942675,1,0.636942675,2,1.27388535,2 Formica,0,0,1,0.636942675,1,0.636942675,0,0,0,0,0,0,1 micro,23-Jun-22,none,1,0.636942675,0,0,1,0,none,0,0,0,0,0,0,0,0,0,0,1 micro,3,1.910828025,0,0,0,0,1,0.318471338,0,0
8-Jun-22,Kelseytown Rd Cockaponset,replaced,control,K608-2D,84,3 membracids ,3,3.571428571,Lambdina,,,,1,1.19047619,1,1.19047619,3 C.p. 1 Formica,Lambdina,Morrisonia confusa,2,2.380952381,2,2.380952381,2,15-Jun-22,coccids,1,2,2.380952381,1,1.19047619,2,2.380952381,3,3.571428571,1 Formica,0,0,2,2.380952381,2,2.380952381,1,1.19047619,0,0,1,1.19047619,,23-Jun-22,old coccids,3,3.571428571,0,0,3,0,none,0,0,0,0,0,0,3,3.571428571,0,0,,6,7.142857143,4,2.380952381,0,0,2,1.19047619,2.380952381,0
8-Jun-22,Kelseytown Rd Cockaponset,replaced,exclusion,K608-2C,138,coccids,2,1.449275362,,,,,0,0,0,0,1 C.p.,Lambdina,Achatia*,2,1.449275362,2,1.449275362,2,15-Jun-22,coccids_ 2 membracids,1,4,2.898550725,2,1.449275362,1,0.724637681,3,2.173913043,1 C.p.,2,1.449275362,1,0.724637681,3,2.173913043,0,0,0,0,0,0,,23-Jun-22,none,5,3.623188406,2,1.449275362,7,1.050199538,none,0,2,2,0,1.449275362,1.449275362,1,0.724637681,0,0,4 micros,10,7.246376812,3,1.086956522,2,0.724637681,3,1.086956522,0.362318841,0
